(,"""Jeff"", ","""Tyler"", ","""2081-09-18""",)
(,"""Demarcus"", ","""Desirae"", ","""1947-09-06""",)
(,"""Sam"", ","""Misty"", ","""2040-06-02""",)
(,"""Aliah"", ","""Jeanette"", ","""2083-10-18""",)
(,"""Jaquelyn"", ","""Cyrus"", ","""1925-01-06""",)
(,"""Alexys"", ","""Jalynn"", ","""1987-09-15""",)
(,"""Toby"", ","""Magaly"", ","""1977-05-16""",)
(,"""Bowen"", ","""Anyssa"", ","""2084-10-13""",)
(,"""Jeff"", ","""Mireya"", ","""2023-10-30""",)
(,"""Markel"", ","""Blayne"", ","""1907-01-28""",)
(,"""Grayson"", ","""Luc"", ","""1925-02-26""",)
(,"""Jeff"", ","""Autumn"", ","""1946-01-11""",)
(,"""Jeff"", ","""Glen"", ","""2041-11-24""",)
(,"""Adriel"", ","""Mariano"", ","""2075-10-21""",)
(,"""Esperanza"", ","""Alexandria"", ","""1923-09-07""",)
(,"""Kyler"", ","""Aidan"", ","""1904-09-11""",)
(,"""Ammon"", ","""Sasha"", ","""2051-08-24""",)
(,"""Ulysses"", ","""Landon"", ","""2054-08-05""",)
(,"""Jocelyne"", ","""Amina"", ","""2081-09-24""",)
(,"""Harley"", ","""Rosario"", ","""2040-01-11""",)
(,"""Adia"", ","""Brenda"", ","""1998-08-27""",)
(,"""Gunner"", ","""Kaylea"", ","""2030-03-21""",)
(,"""Juan"", ","""Aryana"", ","""2068-09-02""",)
(,"""Kianna"", ","""Solomon"", ","""1972-07-09""",)
(,"""Sheldon"", ","""Shane"", ","""1961-12-24""",)
(,"""Rylan"", ","""Kerri"", ","""1982-01-17""",)
(,"""Kobie"", ","""Corina"", ","""1942-05-16""",)
(,"""Daren"", ","""Leticia"", ","""2073-12-25""",)
(,"""Justina"", ","""Asia"", ","""1992-05-27""",)
(,"""Shemar"", ","""Leonardo"", ","""2032-11-05""",)
(,"""Lazaro"", ","""Keyshawn"", ","""2019-10-16""",)
(,"""Derrick"", ","""Thaddeus"", ","""1970-05-23""",)
(,"""Eliza"", ","""Loren"", ","""2082-08-26""",)
(,"""Hezekiah"", ","""Virginia"", ","""1916-08-07""",)
(,"""Rudy"", ","""Eleazar"", ","""1915-04-23""",)
(,"""Marcus"", ","""Anabel"", ","""2081-05-02""",)
(,"""Marjorie"", ","""Cheyenne"", ","""1917-04-24""",)
(,"""Allison"", ","""Amaris"", ","""2044-05-04""",)
(,"""America"", ","""Desmond"", ","""2012-07-04""",)
(,"""Jay"", ","""Cornelius"", ","""1920-06-26""",)
(,"""Frank"", ","""Blaze"", ","""2022-01-27""",)
(,"""Fabian"", ","""Reuben"", ","""2040-02-14""",)
(,"""Jeff"", ","""Layton"", ","""1969-12-02""",)
(,"""Jeff"", ","""Lynsey"", ","""2024-05-03""",)
(,"""Ericka"", ","""Ally"", ","""2019-06-05""",)
(,"""Dylon"", ","""Julian"", ","""2011-04-23""",)
(,"""Ada"", ","""Johana"", ","""2020-05-27""",)
(,"""Marlon"", ","""Brissa"", ","""1907-06-02""",)
(,"""Cyrus"", ","""Alea"", ","""1908-08-30""",)
(,"""Kiara"", ","""Brook"", ","""1945-05-31""",)
(,"""Angela"", ","""Clara"", ","""1996-04-03""",)
(,"""Rudy"", ","""Rahul"", ","""1955-10-02""",)
(,"""Rudy"", ","""Rahul"", ","""1942-12-17""",)
(,"""Rudy"", ","""Danika"", ","""1947-12-18""",)
(,"""Gloria"", ","""Lance"", ","""1993-04-21""",)
(,"""Chastity"", ","""Kelton"", ","""1983-07-09""",)
(,"""Oscar"", ","""Kylan"", ","""2040-10-21""",)
(,"""Chastity"", ","""Raelyn"", ","""1970-04-28""",)
(,"""Giancarlo"", ","""Zander"", ","""1948-06-08""",)
(,"""Jennie"", ","""Dominique"", ","""2050-03-22""",)
(,"""Maximillian"", ","""Stefany"", ","""2097-07-29""",)
(,"""Yasmeen"", ","""Aysha"", ","""2019-06-16""",)
(,"""Siena"", ","""Mohammed"", ","""1937-10-30""",)
(,"""Agustin"", ","""Mohammed"", ","""2014-06-02""",)
(,"""Sidney"", ","""Will"", ","""1963-08-11""",)
(,"""Lilian"", ","""Manuel"", ","""1917-03-16""",)
(,"""Melia"", ","""Elliott"", ","""2080-12-27""",)
(,"""Billie"", ","""Alli"", ","""1922-11-16""",)
(,"""Jeff"", ","""Nikita"", ","""1933-01-06""",)
(,"""Britton"", ","""Camryn"", ","""1999-04-07""",)
(,"""Rudy"", ","""Harrison"", ","""2052-12-16""",)
(,"""Annika"", ","""Abner"", ","""1912-06-16""",)
(,"""Raelynn"", ","""Payne"", ","""1921-10-20""",)
(,"""Jayda"", ","""Josiah"", ","""1977-10-25""",)
(,"""Enzo"", ","""Estevan"", ","""1977-09-13""",)
(,"""Nikolas"", ","""Jett"", ","""1905-06-10""",)
(,"""Justus"", ","""Mohammed"", ","""2009-01-19""",)
(,"""Kylie"", ","""Alycia"", ","""2099-07-22""",)
(,"""Chastity"", ","""Francesco"", ","""2073-04-07""",)
(,"""Rudy"", ","""Jeremy"", ","""1904-10-11""",)
(,"""Rudy"", ","""Desean"", ","""1963-11-25""",)
(,"""Lina"", ","""Marion"", ","""1982-07-02""",)
(,"""Harry"", ","""Kala"", ","""1931-09-17""",)
(,"""Arlene"", ","""Korbin"", ","""2074-07-17""",)
(,"""Joan"", ","""Jaxson"", ","""2027-02-25""",)
(,"""Colby"", ","""Javier"", ","""1909-05-05""",)
(,"""Marcellus"", ","""Brenden"", ","""2060-10-12""",)
(,"""Jacklyn"", ","""Rahul"", ","""2051-03-31""",)
(,"""Carrington"", ","""Deandre"", ","""2064-01-04""",)
(,"""Kassidy"", ","""Tyrek"", ","""2090-11-28""",)
(,"""Elena"", ","""Milo"", ","""1901-12-23""",)
(,"""Mustafa"", ","""Bryant"", ","""1968-07-27""",)
(,"""India"", ","""Callie"", ","""2058-01-08""",)
(,"""Sydnee"", ","""Keila"", ","""1904-08-12""",)
(,"""Rudy"", ","""Ibrahim"", ","""2030-11-10""",)
(,"""Liza"", ","""Blanca"", ","""2002-03-16""",)
(,"""Stephon"", ","""Trevor"", ","""1932-04-04""",)
(,"""Katherine"", ","""Rahul"", ","""1939-04-13""",)
(,"""Chastity"", ","""Riana"", ","""1924-10-23""",)
(,"""Mason"", ","""Rene"", ","""1982-09-24""",)
